{
  "w": [
    -1.7605856265920712,
    0.184135775899542,
    0.2680727454695058,
    -0.006013194279366629,
    0.2549913946560714,
    0.29895518625417844,
    0.36243627678130025,
    -1.7609432234752316,
    0.2680727454695058,
    0.06598635866662304,
    -0.15936843346798196
  ],
  "v": [
    [
      0.2503738148686721,
      0.22173526117477624,
      0.0978017274021908,
      -0.049928980351530865,
      0.05842721253852045,
      0.19809680011265443,
      0.11746658886852547,
      -0.1850161983950947,
      0.05387161754474315,
      0.029387498028379012,
      0.0905792329828361
    ],
    [
      -0.6813940908696315,
      -0.3354860505128427,
      -0.5003001087260774,
      -0.1549552594611279,
      -0.09103724019242408,
      -0.29006854712621705,
      -0.3231255358744259,
      0.4502434618873611,
      -0.3323230456847775,
      -0.2449996773922812,
      -0.25226781618885047
    ],
    [
      0.04555927325654859,
      0.08831199021367317,
      0.1561954605026493,
      0.11300874072304995,
      -0.03131532015069577,
      0.09033184684016907,
      0.08657169066808558,
      -0.03053342211848169,
      0.04630408071389726,
      0.06476326131526283,
      0.1466362229191887
    ],
    [
      0.618390093395453,
      -0.055979262448249294,
      0.15564323916501885,
      -0.018602039807423344,
      0.09464603731327015,
      0.052212635491361015,
      0.12859005669590304,
      -0.5173216569153286,
      0.1293525927597334,
      0.09586449059709963,
      -0.01768522696225607
    ],
    [
      0.3977153868067952,
      0.40112753207351864,
      0.44850486751602875,
      0.30328744712652705,
      0.23347207927082206,
      0.44180196748302875,
      0.39053187644472825,
      -0.15983715111071892,
      0.5918400511026153,
      0.4409756543106952,
      0.38113950612664915
    ],
    [
      0.0954273763761061,
      -0.19358272121996348,
      -0.47183983303139204,
      -0.09537297250195556,
      -0.35922496672326365,
      -0.10775387297479974,
      -0.26892167591360355,
      -0.31228396879413783,
      -0.23118259098605917,
      -0.17879426628113723,
      -0.13980740229452934
    ],
    [
      0.3284857028761834,
      0.0923461626411274,
      0.10383726559295499,
      0.061618833224694955,
      0.18697582923779527,
      -0.08521364214733318,
      -0.04917675045824989,
      -0.3373761622487707,
      0.1021447896816387,
      0.032744093219718884,
      0.17569993603320522
    ],
    [
      -0.7435407457655981,
      -0.33921370208968454,
      -0.41004879353285145,
      -0.10421246595067343,
      -0.2705202253006664,
      -0.25774620245813645,
      -0.42034720523906816,
      0.523492126825116,
      -0.3919920085520088,
      -0.5134677612532008,
      -0.18337270915323164
    ],
    [
      -0.7744759802881501,
      -0.08312142521105252,
      -0.038650784345280985,
      0.11688226084235953,
      -0.07568718065869189,
      -0.21799013267006256,
      0.06461812779929822,
      0.7729011281646335,
      -0.05212926210536384,
      -0.06251764109080186,
      -0.03925225118302794
    ],
    [
      -0.3906685796016254,
      0.23730536469424152,
      0.3150844827438309,
      0.26655269300252055,
      0.06187025878177189,
      0.2228746839337824,
      0.27152952059812496,
      0.480749159338101,
      0.30345999325704465,
      0.1855516942689756,
      0.3850350129958495
    ]
  ],
  "w0": -5.373757273305585,
  "num_factors": 10,
  "sum": [
    0.8827945747746722,
    -2.7557139101412944,
    0.775833824883347,
    0.665110959284582,
    3.8705592171506895,
    -2.263336894344736,
    0.612086057652965,
    -3.1109696924700034,
    -0.38942314074614026,
    2.3393442840126175
  ],
  "sum_sqr": [
    0.0,
    0.0,
    0.0,
    0.0,
    0.0,
    0.0,
    0.0,
    0.0,
    0.0,
    0.0
  ],
  "k0": true,
  "k1": true,
  "num_attributes": 11
}